"!!!",""
"---","sImagePath"
"인덱스","이미지 경로"
"4600000001","/Script/Engine.Texture2D'/Game/Resources/Puzzle/Pieces/T_PUZ7_001.T_PUZ7_001'"
"4600000002","/Script/Engine.Texture2D'/Game/Resources/Puzzle/Pieces/T_PUZ7_002.T_PUZ7_002'"
"4600000003","/Script/Engine.Texture2D'/Game/Resources/Puzzle/Pieces/T_PUZ7_003.T_PUZ7_003'"
"4600000004","/Script/Engine.Texture2D'/Game/Resources/Puzzle/Pieces/T_PUZ7_004.T_PUZ7_004'"
"4600000005","/Script/Engine.Texture2D'/Game/Resources/Puzzle/Pieces/T_PUZ7_005.T_PUZ7_005'"
"4600000006","/Script/Engine.Texture2D'/Game/Resources/Puzzle/Pieces/T_PUZ7_006.T_PUZ7_006'"
"4600000007","/Script/Engine.Texture2D'/Game/Resources/Puzzle/Pieces/T_PUZ7_007.T_PUZ7_007'"
"4600000008","/Script/Engine.Texture2D'/Game/Resources/Puzzle/Pieces/T_PUZ7_008.T_PUZ7_008'"
"4600000009","/Script/Engine.Texture2D'/Game/Resources/Puzzle/Pieces/T_PUZ7_009.T_PUZ7_009'"
"4600000010","/Script/Engine.Texture2D'/Game/Resources/Puzzle/Pieces/T_PUZ7_010.T_PUZ7_010'"
"4600000011","/Script/Engine.Texture2D'/Game/Resources/Puzzle/Pieces/T_PUZ7_011.T_PUZ7_011'"
"4600000012","/Script/Engine.Texture2D'/Game/Resources/Puzzle/Pieces/T_PUZ7_012.T_PUZ7_012'"
"4600000013","/Script/Engine.Texture2D'/Game/Resources/Puzzle/Pieces/T_PUZ7_013.T_PUZ7_013'"
"4600000014","/Script/Engine.Texture2D'/Game/Resources/Puzzle/Pieces/T_PUZ7_014.T_PUZ7_014'"
"4600000015","/Script/Engine.Texture2D'/Game/Resources/Puzzle/Pieces/T_PUZ7_015.T_PUZ7_015'"
"4600000016","/Script/Engine.Texture2D'/Game/Resources/Puzzle/Pieces/T_PUZ7_016.T_PUZ7_016'"
"4600000017","/Script/Engine.Texture2D'/Game/Resources/Puzzle/Pieces/T_PUZ7_017.T_PUZ7_017'"
"4600000018","/Script/Engine.Texture2D'/Game/Resources/Puzzle/Pieces/T_PUZ7_018.T_PUZ7_018'"
"4600000019","/Script/Engine.Texture2D'/Game/Resources/Puzzle/Pieces/T_PUZ7_019.T_PUZ7_019'"
"4600000020","/Script/Engine.Texture2D'/Game/Resources/Puzzle/Pieces/T_PUZ7_020.T_PUZ7_020'"